year,Avg_Life,Avg_PPP
1961,68.85483870967742,9062.90322580645
1991,73.31290322580645,23525.483870967742
2021,79.21612903225807,38087.096774193546
